Workbook

Sheet summary
A1: Metric | B1: Base | C1: Scenario | D1: Difference
A2: Total Revenue | B2: =SUM(calculations!G:G) -> 259000 | C2: =SUM(calculations!P:P) -> 235260 | D2: =C2 - B2 -> -23740
A3: Total Cost | B3: =SUM(calculations!H:H) -> 118900 | C3: =SUM(calculations!Q:Q) -> 119620 | D3: =C3 - B3 -> 720
A4: Total Profit | B4: =SUM(calculations!L:L) -> 109900 | C4: =SUM(calculations!R:R) -> 115640 | D4: =C4 - B4 -> 5740

Sheet lawyers
A1: lawyer_id | B1: lawyer_level | C1: hourly_rate | D1: cost_per_hour
A2: L1 | B2: Junior | C2: 2000 | D2: 1200
A3: L2 | B3: Senior | C3: 5000 | D3: 2500
A4: L3 | B4: Partner | C4: 10000 | D4: 4000

Sheet clients
A1: client_id | B1: client_type | C1: industry | D1: realization_rate
A2: C1 | B2: Startup | C2: Technology | D2: 0.95
A3: C2 | B3: Enterprise | C3: Manufacturing | D3: 0.85
A4: C3 | B4: SME | C4: Retail | D4: 0.9

Sheet cases
A1: case_id | B1: client_id | C1: case_type | D1: start_date
A2: CA1 | B2: C1 | C2: Contract Review | D2: 46023
A3: CA2 | B3: C2 | C3: Litigation | D3: 46027
A4: CA3 | B4: C3 | C4: Compliance | D4: 46032

Sheet time_entries
A1: time_entry_id | B1: case_id | C1: lawyer_id | D1: hours
A2: T1 | B2: CA1 | C2: L1 | D2: 12
A3: T2 | B3: CA1 | C3: L2 | D3: 8
A4: T3 | B4: CA2 | C4: L3 | D4: 15
A5: T4 | B5: CA3 | C5: L1 | D5: 10
A6: T5 | B6: CA3 | C6: L2 | D6: 5

Sheet calculations
A1: time_entry_id | B1: case_id | C1: lawyer_id | D1: hours | E1: hourly_rate | F1: cost_per_hour | G1: revenue | H1: cost | I1: profit | J1: realization_rate | K1: collected_revenue | L1: final_profit | M1: scenario_hourly_rate | N1: scenario_cost_per_hour | O1: scenario_realization_rate | P1: scenario_revenue | Q1: scenario_cost | R1: scenario_profit
A2: T1 | B2: CA1 | C2: L1 | D2: 12 | E2: =VLOOKUP(C2, lawyers!A:D, 3, FALSE) -> 2000 | F2: =VLOOKUP(C2, lawyers!A:D, 4, FALSE) -> 1200 | G2: =D2 * E2 -> 24000 | H2: =D2 * F2 -> 14400 | I2: =G2 - H2 -> 9600 | J2: =VLOOKUP( VLOOKUP(B2, cases!A:B, 2, FALSE), clients!A:D, 4, FALSE ) -> 0.95 | K2: =G2 * J2 -> 22800 | L2: =K2 - H2 -> 8400 | M2: =E2 * (1 + scenarios!B3 / 100) -> 2400 | N2: =F2 * (1 + scenarios!B4 / 100) -> 1260 | O2: =J2 * (1 + scenarios!B5 / 100) -> 0.95 | P2: =D2 * M2 * O2 -> 27360 | Q2: =D2 * N2 -> 15120 | R2: =P2 - Q2 -> 12240
A3: T2 | B3: CA1 | C3: L2 | D3: 8 | E3: =VLOOKUP(C3, lawyers!A:D, 3, FALSE) -> 5000 | F3: =VLOOKUP(C3, lawyers!A:D, 4, FALSE) -> 2500 | G3: =D3 * E3 -> 40000 | H3: =D3 * F3 -> 20000 | I3: =G3 - H3 -> 20000 | J3: =VLOOKUP( VLOOKUP(B3, cases!A:B, 2, FALSE), clients!A:D, 4, FALSE ) -> 0.95 | K3: =G3 * J3 -> 38000 | L3: =K3 - H3 -> 18000 | M3: =E3 * (1 + scenarios!B4 / 100) -> 5250 | N3: =F3 * (1 + scenarios!B5 / 100) -> 2500 | O3: =J3 * (1 + scenarios!B6 / 100) -> 0.95 | P3: =D3 * M3 * O3 -> 39900 | Q3: =D3 * N3 -> 20000 | R3: =P3 - Q3 -> 19900
A4: T3 | B4: CA2 | C4: L3 | D4: 15 | E4: =VLOOKUP(C4, lawyers!A:D, 3, FALSE) -> 10000 | F4: =VLOOKUP(C4, lawyers!A:D, 4, FALSE) -> 4000 | G4: =D4 * E4 -> 150000 | H4: =D4 * F4 -> 60000 | I4: =G4 - H4 -> 90000 | J4: =VLOOKUP( VLOOKUP(B4, cases!A:B, 2, FALSE), clients!A:D, 4, FALSE ) -> 0.85 | K4: =G4 * J4 -> 127500 | L4: =K4 - H4 -> 67500 | M4: =E4 * (1 + scenarios!B5 / 100) -> 10000 | N4: =F4 * (1 + scenarios!B6 / 100) -> 4000 | O4: =J4 * (1 + scenarios!B7 / 100) -> 0.85 | P4: =D4 * M4 * O4 -> 127500 | Q4: =D4 * N4 -> 60000 | R4: =P4 - Q4 -> 67500
A5: T4 | B5: CA3 | C5: L1 | D5: 10 | E5: =VLOOKUP(C5, lawyers!A:D, 3, FALSE) -> 2000 | F5: =VLOOKUP(C5, lawyers!A:D, 4, FALSE) -> 1200 | G5: =D5 * E5 -> 20000 | H5: =D5 * F5 -> 12000 | I5: =G5 - H5 -> 8000 | J5: =VLOOKUP( VLOOKUP(B5, cases!A:B, 2, FALSE), clients!A:D, 4, FALSE ) -> 0.9 | K5: =G5 * J5 -> 18000 | L5: =K5 - H5 -> 6000 | M5: =E5 * (1 + scenarios!B6 / 100) -> 2000 | N5: =F5 * (1 + scenarios!B7 / 100) -> 1200 | O5: =J5 * (1 + scenarios!B8 / 100) -> 0.9 | P5: =D5 * M5 * O5 -> 18000 | Q5: =D5 * N5 -> 12000 | R5: =P5 - Q5 -> 6000
A6: T5 | B6: CA3 | C6: L2 | D6: 5 | E6: =VLOOKUP(C6, lawyers!A:D, 3, FALSE) -> 5000 | F6: =VLOOKUP(C6, lawyers!A:D, 4, FALSE) -> 2500 | G6: =D6 * E6 -> 25000 | H6: =D6 * F6 -> 12500 | I6: =G6 - H6 -> 12500 | J6: =VLOOKUP( VLOOKUP(B6, cases!A:B, 2, FALSE), clients!A:D, 4, FALSE ) -> 0.9 | K6: =G6 * J6 -> 22500 | L6: =K6 - H6 -> 10000 | M6: =E6 * (1 + scenarios!B7 / 100) -> 5000 | N6: =F6 * (1 + scenarios!B8 / 100) -> 2500 | O6: =J6 * (1 + scenarios!B9 / 100) -> 0.9 | P6: =D6 * M6 * O6 -> 22500 | Q6: =D6 * N6 -> 12500 | R6: =P6 - Q6 -> 10000

Sheet scenarios
A1: Scenario Inputs
A3: Rate Increase % | B3: 20
A4: Cost Increase % | B4: 5
A5: Realization Change % | B5: 0
